code;pairCode;name;externalId;shortDescription;description;manufacturer;filteringProperty:Stav;filteringProperty:Procesor;filteringProperty:Výrobce procesoru;filteringProperty:Generace procesoru;filteringProperty:Počet CPU;filteringProperty:Počet jader;filteringProperty:Velikost operační paměti RAM;filteringProperty:Typ operační paměti;filteringProperty:Kapacita úložiště;filteringProperty:Typ úložiště;filteringProperty:Typ grafické karty;filteringProperty:Výrobce čipu GK;filteringProperty:Grafická karta;filteringProperty:Velikost paměti grafické karty;filteringProperty:Rozlišení displeje;filteringProperty:Úhlopříčka displeje;filteringProperty:Typ displeje;filteringProperty:Povrch displeje;filteringProperty:Privacy Screen;filteringProperty:Dotyková obrazovka;filteringProperty:WiFi;filteringProperty:LAN;filteringProperty:Bluetooth®;filteringProperty:Fingerprint;filteringProperty:Webkamera;filteringProperty:4G LTE;filteringProperty:5G;filteringProperty:Klávesnice;filteringProperty:Numerická klávesnice;filteringProperty:Mechanika;filteringProperty:Počet USB celkem;filteringProperty:USB-2.0;filteringProperty:USB-3.0;filteringProperty:USB-3.1;filteringProperty:USB-3.2;filteringProperty:USB Type-C™;filteringProperty:Napájení pomocí USB Type-C™;filteringProperty:USB Type-C™ s podporou PowerDelivery;filteringProperty:USB Type-C™ s podporou DisplayPort;filteringProperty:USB Type-C™ s podporou Thunderbolt™;filteringProperty:USB Type-C™ s podporou DisplayPort/Thunderbolt™;filteringProperty:VGA;filteringProperty:DVI;filteringProperty:HDMI;filteringProperty:Mini HDMI;filteringProperty:DisplayPort;filteringProperty:Mini DisplayPort;filteringProperty:Thunderbolt™;filteringProperty:Thunderbolt™ 2;filteringProperty:Thunderbolt™ 3;filteringProperty:Thunderbolt™ 4;filteringProperty:Audio JACK;filteringProperty:Port pro externí grafickou kartu;filteringProperty:Dokovací konektor;filteringProperty:RS-232 (COM);filteringProperty:PS2;filteringProperty:Paralelní port;filteringProperty:Čtečka karet;filteringProperty:Smart Card;filteringProperty:Slot pro uzamčení;filteringProperty:Typ skříně;filteringProperty:Zdroj;filteringProperty:Pivot;filteringProperty:Reproduktory;filteringProperty:USB hub;filteringProperty:VESA;filteringProperty:Hmotnost;surchargeParameter:Prodloužení záruky;surchargeParameter:Prodloužení záruky:description;surchargeParameter:Prodloužení záruky:shortName;surchargeParameter:Prodloužení záruky:currency;surchargeParameter:Prodloužení záruky:includingVat;surchargeParameter:Prodloužení záruky:requiredValue;surchargeParameter:Navýšení operační paměti RAM;surchargeParameter:Navýšení operační paměti RAM:description;surchargeParameter:Navýšení operační paměti RAM:shortName;surchargeParameter:Navýšení operační paměti RAM:currency;surchargeParameter:Navýšení operační paměti RAM:includingVat;surchargeParameter:Navýšení operační paměti RAM:requiredValue;surchargeParameter:Záměna pevného disku;surchargeParameter:Záměna pevného disku:description;surchargeParameter:Záměna pevného disku:shortName;surchargeParameter:Záměna pevného disku:currency;surchargeParameter:Záměna pevného disku:includingVat;surchargeParameter:Záměna pevného disku:requiredValue;surchargeParameter:Záměna grafické karty;surchargeParameter:Záměna grafické karty:description;surchargeParameter:Záměna grafické karty:shortName;surchargeParameter:Záměna grafické karty:currency;surchargeParameter:Záměna grafické karty:includingVat;surchargeParameter:Záměna grafické karty:requiredValue;surchargeParameter:Antivirus;surchargeParameter:Antivirus:description;surchargeParameter:Antivirus:shortName;surchargeParameter:Antivirus:currency;surchargeParameter:Antivirus:includingVat;surchargeParameter:Antivirus:requiredValue;surchargeParameter:Usnadnění;surchargeParameter:Usnadnění:description;surchargeParameter:Usnadnění:shortName;surchargeParameter:Usnadnění:currency;surchargeParameter:Usnadnění:includingVat;surchargeParameter:Usnadnění:requiredValue;surchargeParameter:Změna operačního systému;surchargeParameter:Změna operačního systému:description;surchargeParameter:Změna operačního systému:shortName;surchargeParameter:Změna operačního systému:currency;surchargeParameter:Změna operačního systému:includingVat;surchargeParameter:Změna operačního systému:requiredValue;warranty;weight;height;depth;width;textProperty;textProperty2;textProperty3;textProperty4;textProperty5;textProperty6;textProperty7;textProperty8;textProperty9;textProperty10;textProperty11;productVisibility;itemConditionGrade;;long_description;short_description_ai
LENM710E-1;;Lenovo ThinkCentre M710e;;<p>Intel® Core™ i3-6100 Processor (3M Cache, 2×3.70 GHz), 8 GB DDR4, 256 GB SSD M.2 NVMe, Intel® HD Graphics 530, DVD-RW, Windows 11 Pro</p>;<h3>Lenovo ThinkCentre M710e</h3><p>Tento;Lenovo;Repasovaný A;Intel® Core™ i3;Intel®;Skylake (6. generace);1;2;8 GB;DDR4;256 GB;SSD M.2 NVMe;integrovaná;Intel®;;;;;;;;;NE;1 GB Ethernet;NE;;;;;;;DVD-RW;6;2;;4;;;;;;;;1;;;;1;;;;;;ANO;;NE;1;;;NE;NE;;SFF (Small Form Factor);do 300 W;;;;;nad 3 kg;"Prodloužení záruky na 36 měsíců (1-desktop)=300;Prodloužení záruky na 48 měsíců (1-desktop)=600;Prodloužení záruky na 60 měsíců (1-desktop)=900";;Prodloužení záruky;CZK;1;0;"navýšení RAM z 8 GB na 16 GB DDR4 (pro stolní PC)=2500;navýšení RAM z 8 GB na 32 GB DDR4 (pro stolní PC)=4800;navýšení RAM z 8 GB na 64 GB DDR4 (pro stolní PC)=9500";;Navýšení operační paměti RAM;CZK;1;0;"Záměna za NOVÝ SSD 500 GB M.2 NVMe=1800;Záměna za NOVÝ SSD 1 TB M.2 NVMe=2850;Záměna za NOVÝ SSD 2 TB M.2 NVMe=5350;Záměna za NOVÝ SSD 4 TB M.2 NVMe=10750;Záměna za NOVÝ SSD Samsung 980 500 GB M.2 NVMe=1800;Záměna za NOVÝ SSD Samsung 990 PRO 1 TB M.2 NVMe=3850;Záměna za NOVÝ SSD Samsung 990 PRO 2 TB M.2 NVMe=5650;Záměna za NOVÝ SSD Samsung 990 PRO 4 TB M.2 NVMe=10650";;Záměna pevného disku;CZK;1;0;;;;;;;"Krabice ESET HOME Security Essential, licence na 1 rok=1335;Krabice ESET HOME Security Premium, licence na 1 rok=1025;Krabice ESET HOME Security Ultimate, licence na 1 rok=2475";;Antivirus;CZK;1;0;Počáteční konfigurace systému=199;;Usnadnění;CZK;1;0;Přeinstalovat na Windows 10=199;;Změna operačního systému;CZK;1;0;24 měsíců;4,25;;;;"Model CPU;i3-6100 Processor (3M Cache, 2×3.70 GHz)";"Konfigurace úložiště;256 GB SSD";"Grafická karta;Intel® HD Graphics 530";"WiFi karta;NE";"Operační systém;Windows 11 Pro";"Rozměry;100 × 303.5 × 273.5 mm";"Výkon zdroje (W);180 W";"Obsah balení;Napájecí kabel";;;;visible;refurbished;;"<h3>Lenovo ThinkCentre M710e</h3>

<p>Tento repasovaný";Repasovaný Lenovo
LENM710E-1-VR2;;Lenovo ThinkCentre M710e - 8 GB - 500 GB SSD;;<p>Intel® Core™ i3-6100 Processor (3M Cache, 2×3.70 GHz), 8 GB DDR4, 500 GB SSD M.2 NVMe, Intel® HD Graphics 530, DVD-RW, Windows 11 Pro</p>;<h3>Lenovo ThinkCentre M710e - 8 GB - 500 GB;Lenovo;Repasovaný A;Intel® Core™ i3;Intel®;Skylake (6. generace);1;2;8 GB;DDR4;500 GB;SSD M.2 NVMe;integrovaná;Intel®;;;;;;;;;NE;1 GB Ethernet;NE;;;;;;;DVD-RW;6;2;;4;;;;;;;;1;;;;1;;;;;;ANO;;NE;1;;;NE;NE;;SFF (Small Form Factor);do 300 W;;;;;nad 3 kg;"Prodloužení záruky na 36 měsíců (1-desktop)=300;Prodloužení záruky na 48 měsíců (1-desktop)=600;Prodloužení záruky na 60 měsíců (1-desktop)=900";;Prodloužení záruky;CZK;1;0;"navýšení RAM z 8 GB na 16 GB DDR4 (pro stolní PC)=2500;navýšení RAM z 8 GB na 32 GB DDR4 (pro stolní PC)=4800;navýšení RAM z 8 GB na 64 GB DDR4 (pro stolní PC)=9500";;Navýšení operační paměti RAM;CZK;1;0;"Záměna za NOVÝ SSD 1 TB M.2 NVMe=2850;Záměna za NOVÝ SSD 2 TB M.2 NVMe=5350;Záměna za NOVÝ SSD 4 TB M.2 NVMe=10750;Záměna za NOVÝ SSD Samsung 990 PRO 1 TB M.2 NVMe=3850;Záměna za NOVÝ SSD Samsung 990 PRO 2 TB M.2 NVMe=5650;Záměna za NOVÝ SSD Samsung 990 PRO 4 TB M.2 NVMe=10650";;Záměna pevného disku;CZK;1;0;;;;;;;"Krabice ESET HOME Security Essential, licence na 1 rok=1335;Krabice ESET HOME Security Premium, licence na 1 rok=1025;Krabice ESET HOME Security Ultimate, licence na 1 rok=2475";;Antivirus;CZK;1;0;Počáteční konfigurace systému=199;;Usnadnění;CZK;1;0;Přeinstalovat na Windows 10=199;;Změna operačního systému;CZK;1;0;24 měsíců;4,2;;;;"Model CPU;i3-6100 Processor (3M Cache, 2×3.70 GHz)";"Konfigurace úložiště;500 GB SSD";"Grafická karta;Intel® HD Graphics 530";"WiFi karta;NE";"Operační systém;Windows 11 Pro";"Rozměry;100 × 303.5 × 273.5 mm";"Výkon zdroje (W);180 W";"Obsah balení;Napájecí kabel";;;;visible;refurbished;;<h3>Lenovo ThinkCentre M710e - 8 GB - 5;Získejte sp
LENM710E-1-VR3;;Lenovo ThinkCentre M710e - 8 GB - 1 TB SSD;;<p>Intel® Core™ i3-6100 Processor (3M Cache, 2×3.70 GHz), 8 GB DDR4, 1000 GB SSD M.2 NVMe, Intel® HD Graphics 530, DVD-RW, Windows 11 Pro</p>;<h3><strong>Lenovo ThinkCentre M710e - 8 GB - 1 TB SSD</strong></h3><p>Tato varianta Lenovo ThinkCentre M710e - 8 GB - 1 TB SSD kombinuje kompaktní provedení a důraz na běžnou kancelář a základní multitasking. Při běžné práci se u Lenovo ThinkCentre M710e - 8 GB - 1 TB SSD projeví také rychlé reakce systému a komfortní prostor pro data.</p><p>Firemní řady Lenovo jsou v praxi známé tím, že míří na předvídatelné chování a dlouhodobé používání, což je přesně očekávání, se kterým dává smysl i Lenovo ThinkCentre M710e - 8 GB - 1 TB SSD. U Lenovo ThinkCentre M710e - 8 GB - 1 TB SSD se tento přístup projeví tím, že počítač drží tempo při běžných úkolech po celý pracovní den.</p><p>U ThinkCentre se počítá s každodenním používáním, kde se řeší hlavně spolehlivost a jednoduchá údržba, a právě na to navazuje i Lenovo ThinkCentre M710e - 8 GB - 1 TB SSD. V běžné kanceláři vám Lenovo ThinkCentre M710e - 8 GB - 1 TB SSD pomůže udržet pracovní místo přehledné a zároveň nabídne stabilní tempo práce.</p><p>Odezvu a plynulost u Lenovo ThinkCentre M710e - 8 GB - 1 TB SSD zajišťuje <strong>Intel® Core™ i3-6100 Processor (3M Cache, 2×3.70 GHz)</strong> v kombinaci s <strong>8 GB DDR4</strong> a SSD <strong>1000 GB SSD M.2 NVMe</strong>. Díky SSD se Lenovo ThinkCentre M710e - 8 GB - 1 TB SSD rychleji spouští a programy reagují svižněji, zatímco paměť pomáhá držet tempo při práci s více dokumenty a kartami v prohlížeči.</p><p>Hodí se pro Office, webové aplikace, e-maily, účetnictví, online schůzky i správu větších archivů.</p><p>Nehodí se pro výkonnostně náročné 3D aplikace a moderní hry ani pro profesionální střih, protože Lenovo ThinkCentre M710e - 8 GB - 1 TB SSD necílí na dedikovanou grafiku.</p><p>Každý kus Lenovo ThinkCentre M710e - 8 GB - 1 TB SSD je otestovaný, vybavený Windows 11 Pro a krytý zárukou <strong>24 měsíců</strong>, takže se rychle pustíte do práce.</p>;Lenovo;Repasovaný A;Intel® Core™ i3;Intel®;Skylake (6. generace);1;2;8 GB;DDR4;1000 GB;SSD M.2 NVMe;integrovaná;Intel®;;;;;;;;;NE;1 GB Ethernet;NE;;;;;;;DVD-RW;6;2;;4;;;;;;;;1;;;;1;;;;;;ANO;;NE;1;;;NE;NE;;SFF (Small Form Factor);do 300 W;;;;;nad 3 kg;"Prodloužení záruky na 36 měsíců (1-desktop)=300;Prodloužení záruky na 48 měsíců (1-desktop)=600;Prodloužení záruky na 60 měsíců (1-desktop)=900";;Prodloužení záruky;CZK;1;0;"navýšení RAM z 8 GB na 16 GB DDR4 (pro stolní PC)=2500;navýšení RAM z 8 GB na 32 GB DDR4 (pro stolní PC)=4800;navýšení RAM z 8 GB na 64 GB DDR4 (pro stolní PC)=9500";;Navýšení operační paměti RAM;CZK;1;0;"Záměna za NOVÝ SSD 2 TB M.2 NVMe=5350;Záměna za NOVÝ SSD 4 TB M.2 NVMe=10750;Záměna za NOVÝ SSD Samsung 990 PRO 2 TB M.2 NVMe=5650;Záměna za NOVÝ SSD Samsung 990 PRO 4 TB M.2 NVMe=10650";;Záměna pevného disku;CZK;1;0;;;;;;;"Krabice ESET HOME Security Essential, licence na 1 rok=1335;Krabice ESET HOME Security Premium, licence na 1 rok=1025;Krabice ESET HOME Security Ultimate, licence na 1 rok=2475";;Antivirus;CZK;1;0;Počáteční konfigurace systému=199;;Usnadnění;CZK;1;0;Přeinstalovat na Windows 10=199;;Změna operačního systému;CZK;1;0;24 měsíců;4,2;;;;"Model CPU;i3-6100 Processor (3M Cache, 2×3.70 GHz)";"Konfigurace úložiště;1000 GB SSD";"Grafická karta;Intel® HD Graphics 530";"WiFi karta;NE";"Operační systém;Windows 11 Pro";"Rozměry;100 × 303.5 × 273.5 mm";"Výkon zdroje (W);180 W";"Obsah balení;Napájecí kabel";;;;visible;refurbished;;;
LENM710E-1-VR4;;Lenovo ThinkCentre M710e - 8 GB - 2 TB SSD;;<p>Intel® Core™ i3-6100 Processor (3M Cache, 2×3.70 GHz), 8 GB DDR4, 2000 GB SSD M.2 NVMe, Intel® HD Graphics 530, DVD-RW, Windows 11 Pro</p>;<h3><strong>Lenovo ThinkCentre M710e - 8 GB - 2 TB SSD</strong></h3><p>Lenovo ThinkCentre M710e - 8 GB - 2 TB SSD je firemní stolní počítač do kanceláře i domácí pracovny a v této sestavě přináší běžnou kancelář a základní multitasking. Zároveň u Lenovo ThinkCentre M710e - 8 GB - 2 TB SSD dostanete rychlé reakce systému a hodně místa pro data a zálohy.</p><p>Lenovo staví kancelářské desktopy tak, aby zvládaly každodenní zátěž bez zbytečných výpadků, a u varianty Lenovo ThinkCentre M710e - 8 GB - 2 TB SSD je to znát na klidném, stabilním projevu. U Lenovo ThinkCentre M710e - 8 GB - 2 TB SSD to znamená hlavně menší riziko prostojů při běžné kancelářské agendě a jednodušší správu ve firmě.</p><p>ThinkCentre je dělané na praktické nasazení v kanceláři, proto klade důraz na kompaktnost a tichý chod, což oceníte i u konfigurace Lenovo ThinkCentre M710e - 8 GB - 2 TB SSD. V domácí pracovně nabídne Lenovo ThinkCentre M710e - 8 GB - 2 TB SSD klidné pozadí pro soustředění a online schůzky bez zbytečného rozruchu.</p><p>Základem sestavy Lenovo ThinkCentre M710e - 8 GB - 2 TB SSD je <strong>Intel® Core™ i3-6100 Processor (3M Cache, 2×3.70 GHz)</strong> doplněný o <strong>8 GB DDR4</strong> a úložiště <strong>2000 GB SSD M.2 NVMe</strong>. Rychlé úložiště u Lenovo ThinkCentre M710e - 8 GB - 2 TB SSD urychlí práci se soubory a paměť udrží plynulost i při videohovorech, tabulkách a více běžících aplikacích současně.</p><p>Hodí se pro Office, webové aplikace, e-maily, účetnictví, online schůzky i zálohy a dlouhodobé ukládání souborů.</p><p>Není určený pro herní použití ani pro náročné grafické projekty a profesionální editaci videa, u Lenovo ThinkCentre M710e - 8 GB - 2 TB SSD jde především o plynulou kancelář a spolehlivost.</p><p>Lenovo ThinkCentre M710e - 8 GB - 2 TB SSD dodáváme po otestování, s Windows 11 Pro a se zárukou <strong>24 měsíců</strong>, takže se vyhnete zdlouhavému nastavování.</p>;Lenovo;Repasovaný A;Intel® Core™ i3;Intel®;Skylake (6. generace);1;2;8 GB;DDR4;2000 GB;SSD M.2 NVMe;integrovaná;Intel®;;;;;;;;;NE;1 GB Ethernet;NE;;;;;;;DVD-RW;6;2;;4;;;;;;;;1;;;;1;;;;;;ANO;;NE;1;;;NE;NE;;SFF (Small Form Factor);do 300 W;;;;;nad 3 kg;"Prodloužení záruky na 36 měsíců (1-desktop)=300;Prodloužení záruky na 48 měsíců (1-desktop)=600;Prodloužení záruky na 60 měsíců (1-desktop)=900";;Prodloužení záruky;CZK;1;0;"navýšení RAM z 8 GB na 16 GB DDR4 (pro stolní PC)=2500;navýšení RAM z 8 GB na 32 GB DDR4 (pro stolní PC)=4800;navýšení RAM z 8 GB na 64 GB DDR4 (pro stolní PC)=9500";;Navýšení operační paměti RAM;CZK;1;0;"Záměna za NOVÝ SSD 4 TB M.2 NVMe=10750;Záměna za NOVÝ SSD Samsung 990 PRO 4 TB M.2 NVMe=10650";;Záměna pevného disku;CZK;1;0;;;;;;;"Krabice ESET HOME Security Essential, licence na 1 rok=1335;Krabice ESET HOME Security Premium, licence na 1 rok=1025;Krabice ESET HOME Security Ultimate, licence na 1 rok=2475";;Antivirus;CZK;1;0;Počáteční konfigurace systému=199;;Usnadnění;CZK;1;0;Přeinstalovat na Windows 10=199;;Změna operačního systému;CZK;1;0;24 měsíců;4,2;;;;"Model CPU;i3-6100 Processor (3M Cache, 2×3.70 GHz)";"Konfigurace úložiště;2000 GB SSD";"Grafická karta;Intel® HD Graphics 530";"WiFi karta;NE";"Operační systém;Windows 11 Pro";"Rozměry;100 × 303.5 × 273.5 mm";"Výkon zdroje (W);180 W";"Obsah balení;Napájecí kabel";;;;visible;refurbished;;;
LENM710E-1-VR5;;Lenovo ThinkCentre M710e - 8 GB - 4 TB SSD;;<p>Intel® Core™ i3-6100 Processor (3M Cache, 2×3.70 GHz), 8 GB DDR4, 4000 GB SSD M.2 NVMe, Intel® HD Graphics 530, DVD-RW, Windows 11 Pro</p>;<h3><strong>Lenovo ThinkCentre M710e - 8 GB - 4 TB SSD</strong></h3><p>U sestavy Lenovo ThinkCentre M710e - 8 GB - 4 TB SSD je důležitá hlavně jednoduchá každodenní práce a běžnou kancelář a základní multitasking. Přitom Lenovo ThinkCentre M710e - 8 GB - 4 TB SSD nezapomíná ani na rychlé reakce systému a velké lokální úložiště.</p><p>Lenovo je v kancelářích rozšířené mimo jiné proto, že u firemních PC řeší dostupný servis a konzistentní provoz, což se hodí i u sestavy Lenovo ThinkCentre M710e - 8 GB - 4 TB SSD. V prostředí, kde se střídají uživatelé, oceníte u Lenovo ThinkCentre M710e - 8 GB - 4 TB SSD hlavně to, že se chová konzistentně a nevyžaduje složitou údržbu.</p><p>ThinkCentre je řada, která se často volí tam, kde běží e-mail, prohlížeč a kancelářské programy většinu dne, a Lenovo ThinkCentre M710e - 8 GB - 4 TB SSD do tohoto scénáře přesně zapadá. Pokud chcete nenápadný pracovní počítač, Lenovo ThinkCentre M710e - 8 GB - 4 TB SSD je koncipované tak, aby nezabíralo zbytečně prostor a dalo se snadno obsluhovat.</p><p>Ve variantě Lenovo ThinkCentre M710e - 8 GB - 4 TB SSD je použit <strong>Intel® Core™ i3-6100 Processor (3M Cache, 2×3.70 GHz)</strong>, dále <strong>8 GB DDR4</strong> a rychlé NVMe úložiště <strong>4000 GB SSD M.2 NVMe</strong>. Pro běžné použití Lenovo ThinkCentre M710e - 8 GB - 4 TB SSD znamená SSD svižné reakce systému a RAM přehlednější multitasking bez častého zavírání aplikací.</p><p>Hodí se pro Office, webové aplikace, e-maily, účetnictví, online schůzky i rozsáhlé lokální archivy.</p><p>Nehodí se pro moderní herní tituly ani pro 3D renderování a pokročilý střih videa, protože Lenovo ThinkCentre M710e - 8 GB - 4 TB SSD je koncipované jako pracovní kancelářský počítač.</p><p>Lenovo ThinkCentre M710e - 8 GB - 4 TB SSD je otestované, dodané s Windows 11 Pro a se zárukou <strong>24 měsíců</strong>, takže nepotřebujete řešit nic víc než připojení periferií.</p>;Lenovo;Repasovaný A;Intel® Core™ i3;Intel®;Skylake (6. generace);1;2;8 GB;DDR4;4000 GB;SSD M.2 NVMe;integrovaná;Intel®;;;;;;;;;NE;1 GB Ethernet;NE;;;;;;;DVD-RW;6;2;;4;;;;;;;;1;;;;1;;;;;;ANO;;NE;1;;;NE;NE;;SFF (Small Form Factor);do 300 W;;;;;nad 3 kg;"Prodloužení záruky na 36 měsíců (1-desktop)=300;Prodloužení záruky na 48 měsíců (1-desktop)=600;Prodloužení záruky na 60 měsíců (1-desktop)=900";;Prodloužení záruky;CZK;1;0;"navýšení RAM z 8 GB na 16 GB DDR4 (pro stolní PC)=2500;navýšení RAM z 8 GB na 32 GB DDR4 (pro stolní PC)=4800;navýšení RAM z 8 GB na 64 GB DDR4 (pro stolní PC)=9500";;Navýšení operační paměti RAM;CZK;1;0;;;;;;;;;;;;;"Krabice ESET HOME Security Essential, licence na 1 rok=1335;Krabice ESET HOME Security Premium, licence na 1 rok=1025;Krabice ESET HOME Security Ultimate, licence na 1 rok=2475";;Antivirus;CZK;1;0;Počáteční konfigurace systému=199;;Usnadnění;CZK;1;0;Přeinstalovat na Windows 10=199;;Změna operačního systému;CZK;1;0;24 měsíců;4,2;;;;"Model CPU;i3-6100 Processor (3M Cache, 2×3.70 GHz)";"Konfigurace úložiště;4000 GB SSD";"Grafická karta;Intel® HD Graphics 530";"WiFi karta;NE";"Operační systém;Windows 11 Pro";"Rozměry;100 × 303.5 × 273.5 mm";"Výkon zdroje (W);180 W";"Obsah balení;Napájecí kabel";;;;visible;refurbished;;;
LENM710E-1-VR6;;Lenovo ThinkCentre M710e - 16 GB - 256 GB SSD;;<p>Intel® Core™ i3-6100 Processor (3M Cache, 2×3.70 GHz), 16 GB DDR4, 256 GB SSD M.2 NVMe, Intel® HD Graphics 530, DVD-RW, Windows 11 Pro</p>;<h3><strong>Lenovo ThinkCentre M710e - 16 GB - 256 GB SSD</strong></h3><p>Konfigurace Lenovo ThinkCentre M710e - 16 GB - 256 GB SSD je kompaktní firemní počítač, který šetří místo na stole a cílí na pohodlnější multitasking s více aplikacemi. V praxi potěší i tím, že u Lenovo ThinkCentre M710e - 16 GB - 256 GB SSD nabídne rychlé reakce systému a základní prostor pro soubory.</p><p>Lenovo u firemních počítačů obvykle sází na prověřené platformy, což přispívá ke stabilitě při celodenním provozu a u konfigurace Lenovo ThinkCentre M710e - 16 GB - 256 GB SSD to oceníte při rutinní práci. V každodenním provozu je pak u Lenovo ThinkCentre M710e - 16 GB - 256 GB SSD příjemné, že se můžete soustředit na práci místo řešení drobných technických problémů.</p><p>Řada ThinkCentre je navržená pro kanceláře, kde je důležité ticho, úspora místa a stabilní výkon pro každodenní aplikace, což je přesně typ použití, na které míří Lenovo ThinkCentre M710e - 16 GB - 256 GB SSD. Z pohledu každodenní praxe u Lenovo ThinkCentre M710e - 16 GB - 256 GB SSD potěší jednoduché umístění a fakt, že počítač neruší při práci.</p><p>Konkrétní výkon u Lenovo ThinkCentre M710e - 16 GB - 256 GB SSD tvoří <strong>Intel® Core™ i3-6100 Processor (3M Cache, 2×3.70 GHz)</strong>, k tomu <strong>16 GB DDR4</strong> a rychlé úložiště <strong>256 GB SSD M.2 NVMe</strong>. SSD u Lenovo ThinkCentre M710e - 16 GB - 256 GB SSD zkracuje načítání aplikací a RAM přidává prostor pro multitasking, takže se nemusíte tolik omezovat při práci v několika oknech.</p><p>Hodí se pro Office, webové aplikace, e-maily, účetnictví, online schůzky, běžné ukládání dokumentů, větší tabulky i více otevřených oken současně.</p><p>Není určený pro náročné hraní ani pro práci, kde se počítá s výkonnou samostatnou grafikou, u Lenovo ThinkCentre M710e - 16 GB - 256 GB SSD je důraz na běžné kancelářské scénáře.</p><p>Lenovo ThinkCentre M710e - 16 GB - 256 GB SSD dodáváme otestované, s Windows 11 Pro a se zárukou <strong>24 měsíců</strong>, takže jej můžete bez odkladů zařadit do běžného provozu.</p>;Lenovo;Repasovaný A;Intel® Core™ i3;Intel®;Skylake (6. generace);1;2;16 GB;DDR4;256 GB;SSD M.2 NVMe;integrovaná;Intel®;;;;;;;;;NE;1 GB Ethernet;NE;;;;;;;DVD-RW;6;2;;4;;;;;;;;1;;;;1;;;;;;ANO;;NE;1;;;NE;NE;;SFF (Small Form Factor);do 300 W;;;;;nad 3 kg;"Prodloužení záruky na 36 měsíců (1-desktop)=300;Prodloužení záruky na 48 měsíců (1-desktop)=600;Prodloužení záruky na 60 měsíců (1-desktop)=900";;Prodloužení záruky;CZK;1;0;"navýšení RAM z 16 GB na 32 GB DDR4 (pro stolní PC)=4800;navýšení RAM z 16 GB na 64 GB DDR4 (pro stolní PC)=9500";;Navýšení operační paměti RAM;CZK;1;0;"Záměna za NOVÝ SSD 500 GB M.2 NVMe=1800;Záměna za NOVÝ SSD 1 TB M.2 NVMe=2850;Záměna za NOVÝ SSD 2 TB M.2 NVMe=5350;Záměna za NOVÝ SSD 4 TB M.2 NVMe=10750;Záměna za NOVÝ SSD Samsung 980 500 GB M.2 NVMe=1800;Záměna za NOVÝ SSD Samsung 990 PRO 1 TB M.2 NVMe=3850;Záměna za NOVÝ SSD Samsung 990 PRO 2 TB M.2 NVMe=5650;Záměna za NOVÝ SSD Samsung 990 PRO 4 TB M.2 NVMe=10650";;Záměna pevného disku;CZK;1;0;;;;;;;"Krabice ESET HOME Security Essential, licence na 1 rok=1335;Krabice ESET HOME Security Premium, licence na 1 rok=1025;Krabice ESET HOME Security Ultimate, licence na 1 rok=2475";;Antivirus;CZK;1;0;Počáteční konfigurace systému=199;;Usnadnění;CZK;1;0;Přeinstalovat na Windows 10=199;;Změna operačního systému;CZK;1;0;24 měsíců;4,2;;;;"Model CPU;i3-6100 Processor (3M Cache, 2×3.70 GHz)";"Konfigurace úložiště;256 GB SSD";"Grafická karta;Intel® HD Graphics 530";"WiFi karta;NE";"Operační systém;Windows 11 Pro";"Rozměry;100 × 303.5 × 273.5 mm";"Výkon zdroje (W);180 W";"Obsah balení;Napájecí kabel";;;;visible;refurbished;;;
LENM710E-1-VR7;;Lenovo ThinkCentre M710e - 16 GB - 500 GB SSD;;<p>Intel® Core™ i3-6100 Processor (3M Cache, 2×3.70 GHz), 16 GB DDR4, 500 GB SSD M.2 NVMe, Intel® HD Graphics 530, DVD-RW, Windows 11 Pro</p>;<h3><strong>Lenovo ThinkCentre M710e - 16 GB - 500 GB SSD</strong></h3><p>Lenovo ThinkCentre M710e - 16 GB - 500 GB SSD je praktický desktop pro každodenní práci, kde je hlavní výhodou rychlé reakce systému a více místa na dokumenty. Díky tomu se Lenovo ThinkCentre M710e - 16 GB - 500 GB SSD hodí jako stabilní základ pro pohodlnější multitasking s více aplikacemi.</p><p>U značky Lenovo se u kancelářských sestav často řeší hlavně spolehlivost a servisní zázemí, takže Lenovo ThinkCentre M710e - 16 GB - 500 GB SSD dobře zapadá do prostředí, kde počítač běží každý den. Pro Lenovo ThinkCentre M710e - 16 GB - 500 GB SSD je typické, že je zaměřené na bezproblémové používání, což je v kanceláři často důležitější než maximální výkon.</p><p>ThinkCentre v praxi znamená kompaktní skříň a důraz na klidný provoz, takže Lenovo ThinkCentre M710e - 16 GB - 500 GB SSD se dobře hodí na pracovní stůl i do menšího open space. Pro menší firmy je Lenovo ThinkCentre M710e - 16 GB - 500 GB SSD praktické tím, že je přizpůsobené běžnému provozu a nepůsobí rušivě hlukem.</p><p>V této konfiguraci Lenovo ThinkCentre M710e - 16 GB - 500 GB SSD pracuje <strong>Intel® Core™ i3-6100 Processor (3M Cache, 2×3.70 GHz)</strong> spolu s <strong>16 GB DDR4</strong> a diskem <strong>500 GB SSD M.2 NVMe</strong>. NVMe SSD u Lenovo ThinkCentre M710e - 16 GB - 500 GB SSD pomůže při kopírování a ukládání souborů a RAM se projeví při souběhu kancelářských programů a webových nástrojů.</p><p>Hodí se pro Office, webové aplikace, e-maily, účetnictví, online schůzky, práci s větším množstvím souborů, větší tabulky i více otevřených oken současně.</p><p>Nehodí se pro úlohy s vysokými nároky na grafický výkon, jako jsou moderní hry nebo 3D vizualizace, protože Lenovo ThinkCentre M710e - 16 GB - 500 GB SSD míří na každodenní produktivitu.</p><p>Lenovo ThinkCentre M710e - 16 GB - 500 GB SSD dodáváme otestované, s Windows 11 Pro a se zárukou <strong>24 měsíců</strong>, takže po připojení můžete rovnou pracovat.</p>;Lenovo;Repasovaný A;Intel® Core™ i3;Intel®;Skylake (6. generace);1;2;16 GB;DDR4;500 GB;SSD M.2 NVMe;integrovaná;Intel®;;;;;;;;;NE;1 GB Ethernet;NE;;;;;;;DVD-RW;6;2;;4;;;;;;;;1;;;;1;;;;;;ANO;;NE;1;;;NE;NE;;SFF (Small Form Factor);do 300 W;;;;;nad 3 kg;"Prodloužení záruky na 36 měsíců (1-desktop)=300;Prodloužení záruky na 48 měsíců (1-desktop)=600;Prodloužení záruky na 60 měsíců (1-desktop)=900";;Prodloužení záruky;CZK;1;0;"navýšení RAM z 16 GB na 32 GB DDR4 (pro stolní PC)=4800;navýšení RAM z 16 GB na 64 GB DDR4 (pro stolní PC)=9500";;Navýšení operační paměti RAM;CZK;1;0;"Záměna za NOVÝ SSD 1 TB M.2 NVMe=2850;Záměna za NOVÝ SSD 2 TB M.2 NVMe=5350;Záměna za NOVÝ SSD 4 TB M.2 NVMe=10750;Záměna za NOVÝ SSD Samsung 990 PRO 1 TB M.2 NVMe=3850;Záměna za NOVÝ SSD Samsung 990 PRO 2 TB M.2 NVMe=5650;Záměna za NOVÝ SSD Samsung 990 PRO 4 TB M.2 NVMe=10650";;Záměna pevného disku;CZK;1;0;;;;;;;"Krabice ESET HOME Security Essential, licence na 1 rok=1335;Krabice ESET HOME Security Premium, licence na 1 rok=1025;Krabice ESET HOME Security Ultimate, licence na 1 rok=2475";;Antivirus;CZK;1;0;Počáteční konfigurace systému=199;;Usnadnění;CZK;1;0;Přeinstalovat na Windows 10=199;;Změna operačního systému;CZK;1;0;24 měsíců;4,2;;;;"Model CPU;i3-6100 Processor (3M Cache, 2×3.70 GHz)";"Konfigurace úložiště;500 GB SSD";"Grafická karta;Intel® HD Graphics 530";"WiFi karta;NE";"Operační systém;Windows 11 Pro";"Rozměry;100 × 303.5 × 273.5 mm";"Výkon zdroje (W);180 W";"Obsah balení;Napájecí kabel";;;;visible;refurbished;;;
LENM710E-1-VR8;;Lenovo ThinkCentre M710e - 16 GB - 1 TB SSD;;<p>Intel® Core™ i3-6100 Processor (3M Cache, 2×3.70 GHz), 16 GB DDR4, 1000 GB SSD M.2 NVMe, Intel® HD Graphics 530, DVD-RW, Windows 11 Pro</p>;<h3><strong>Lenovo ThinkCentre M710e - 16 GB - 1 TB SSD</strong></h3><p>Tato varianta Lenovo ThinkCentre M710e - 16 GB - 1 TB SSD kombinuje kompaktní provedení a důraz na pohodlnější multitasking s více aplikacemi. Při běžné práci se u Lenovo ThinkCentre M710e - 16 GB - 1 TB SSD projeví také rychlé reakce systému a komfortní prostor pro data.</p><p>Firemní řady Lenovo jsou v praxi známé tím, že míří na předvídatelné chování a dlouhodobé používání, což je přesně očekávání, se kterým dává smysl i Lenovo ThinkCentre M710e - 16 GB - 1 TB SSD. U Lenovo ThinkCentre M710e - 16 GB - 1 TB SSD se tento přístup projeví tím, že počítač drží tempo při běžných úkolech po celý pracovní den.</p><p>U ThinkCentre se počítá s každodenním používáním, kde se řeší hlavně spolehlivost a jednoduchá údržba, a právě na to navazuje i Lenovo ThinkCentre M710e - 16 GB - 1 TB SSD. V běžné kanceláři vám Lenovo ThinkCentre M710e - 16 GB - 1 TB SSD pomůže udržet pracovní místo přehledné a zároveň nabídne stabilní tempo práce.</p><p>Odezvu a plynulost u Lenovo ThinkCentre M710e - 16 GB - 1 TB SSD zajišťuje <strong>Intel® Core™ i3-6100 Processor (3M Cache, 2×3.70 GHz)</strong> v kombinaci s <strong>16 GB DDR4</strong> a SSD <strong>1000 GB SSD M.2 NVMe</strong>. Díky SSD se Lenovo ThinkCentre M710e - 16 GB - 1 TB SSD rychleji spouští a programy reagují svižněji, zatímco paměť pomáhá držet tempo při práci s více dokumenty a kartami v prohlížeči.</p><p>Hodí se pro Office, webové aplikace, e-maily, účetnictví, online schůzky, správu větších archivů, větší tabulky i více otevřených oken současně.</p><p>Není určený pro profesionální 3D tvorbu a moderní hry ani pro těžký střih videa, protože Lenovo ThinkCentre M710e - 16 GB - 1 TB SSD je navržené pro klidnou kancelářskou práci.</p><p>Lenovo ThinkCentre M710e - 16 GB - 1 TB SSD je otestované, má nainstalovaný Windows 11 Pro a záruku <strong>24 měsíců</strong>, takže stačí zapojit a začít používat.</p>;Lenovo;Repasovaný A;Intel® Core™ i3;Intel®;Skylake (6. generace);1;2;16 GB;DDR4;1000 GB;SSD M.2 NVMe;integrovaná;Intel®;;;;;;;;;NE;1 GB Ethernet;NE;;;;;;;DVD-RW;6;2;;4;;;;;;;;1;;;;1;;;;;;ANO;;NE;1;;;NE;NE;;SFF (Small Form Factor);do 300 W;;;;;nad 3 kg;"Prodloužení záruky na 36 měsíců (1-desktop)=300;Prodloužení záruky na 48 měsíců (1-desktop)=600;Prodloužení záruky na 60 měsíců (1-desktop)=900";;Prodloužení záruky;CZK;1;0;"navýšení RAM z 16 GB na 32 GB DDR4 (pro stolní PC)=4800;navýšení RAM z 16 GB na 64 GB DDR4 (pro stolní PC)=9500";;Navýšení operační paměti RAM;CZK;1;0;"Záměna za NOVÝ SSD 2 TB M.2 NVMe=5350;Záměna za NOVÝ SSD 4 TB M.2 NVMe=10750;Záměna za NOVÝ SSD Samsung 990 PRO 2 TB M.2 NVMe=5650;Záměna za NOVÝ SSD Samsung 990 PRO 4 TB M.2 NVMe=10650";;Záměna pevného disku;CZK;1;0;;;;;;;"Krabice ESET HOME Security Essential, licence na 1 rok=1335;Krabice ESET HOME Security Premium, licence na 1 rok=1025;Krabice ESET HOME Security Ultimate, licence na 1 rok=2475";;Antivirus;CZK;1;0;Počáteční konfigurace systému=199;;Usnadnění;CZK;1;0;Přeinstalovat na Windows 10=199;;Změna operačního systému;CZK;1;0;24 měsíců;4,2;;;;"Model CPU;i3-6100 Processor (3M Cache, 2×3.70 GHz)";"Konfigurace úložiště;1000 GB SSD";"Grafická karta;Intel® HD Graphics 530";"WiFi karta;NE";"Operační systém;Windows 11 Pro";"Rozměry;100 × 303.5 × 273.5 mm";"Výkon zdroje (W);180 W";"Obsah balení;Napájecí kabel";;;;visible;refurbished;;;
LENM710E-1-VR9;;Lenovo ThinkCentre M710e - 16 GB - 2 TB SSD;;<p>Intel® Core™ i3-6100 Processor (3M Cache, 2×3.70 GHz), 16 GB DDR4, 2000 GB SSD M.2 NVMe, Intel® HD Graphics 530, DVD-RW, Windows 11 Pro</p>;<h3><strong>Lenovo ThinkCentre M710e - 16 GB - 2 TB SSD</strong></h3><p>Lenovo ThinkCentre M710e - 16 GB - 2 TB SSD je firemní stolní počítač do kanceláře i domácí pracovny a v této sestavě přináší pohodlnější multitasking s více aplikacemi. Zároveň u Lenovo ThinkCentre M710e - 16 GB - 2 TB SSD dostanete rychlé reakce systému a hodně místa pro data a zálohy.</p><p>Lenovo staví kancelářské desktopy tak, aby zvládaly každodenní zátěž bez zbytečných výpadků, a u varianty Lenovo ThinkCentre M710e - 16 GB - 2 TB SSD je to znát na klidném, stabilním projevu. U Lenovo ThinkCentre M710e - 16 GB - 2 TB SSD to znamená hlavně menší riziko prostojů při běžné kancelářské agendě a jednodušší správu ve firmě.</p><p>ThinkCentre je dělané na praktické nasazení v kanceláři, proto klade důraz na kompaktnost a tichý chod, což oceníte i u konfigurace Lenovo ThinkCentre M710e - 16 GB - 2 TB SSD. V domácí pracovně nabídne Lenovo ThinkCentre M710e - 16 GB - 2 TB SSD klidné pozadí pro soustředění a online schůzky bez zbytečného rozruchu.</p><p>Základem sestavy Lenovo ThinkCentre M710e - 16 GB - 2 TB SSD je <strong>Intel® Core™ i3-6100 Processor (3M Cache, 2×3.70 GHz)</strong> doplněný o <strong>16 GB DDR4</strong> a úložiště <strong>2000 GB SSD M.2 NVMe</strong>. Rychlé úložiště u Lenovo ThinkCentre M710e - 16 GB - 2 TB SSD urychlí práci se soubory a paměť udrží plynulost i při videohovorech, tabulkách a více běžících aplikacích současně.</p><p>Hodí se pro Office, webové aplikace, e-maily, účetnictví, online schůzky, zálohy a dlouhodobé ukládání souborů, větší tabulky i více otevřených oken současně.</p><p>Nehodí se pro moderní hry ani pro náročné 3D modelování a profesionální střih videa, protože Lenovo ThinkCentre M710e - 16 GB - 2 TB SSD je stavěné hlavně na stabilní kancelářský provoz.</p><p>Každý kus Lenovo ThinkCentre M710e - 16 GB - 2 TB SSD je otestovaný, vybavený Windows 11 Pro a krytý zárukou <strong>24 měsíců</strong>, takže se rychle pustíte do práce.</p>;Lenovo;Repasovaný A;Intel® Core™ i3;Intel®;Skylake (6. generace);1;2;16 GB;DDR4;2000 GB;SSD M.2 NVMe;integrovaná;Intel®;;;;;;;;;NE;1 GB Ethernet;NE;;;;;;;DVD-RW;6;2;;4;;;;;;;;1;;;;1;;;;;;ANO;;NE;1;;;NE;NE;;SFF (Small Form Factor);do 300 W;;;;;nad 3 kg;"Prodloužení záruky na 36 měsíců (1-desktop)=300;Prodloužení záruky na 48 měsíců (1-desktop)=600;Prodloužení záruky na 60 měsíců (1-desktop)=900";;Prodloužení záruky;CZK;1;0;"navýšení RAM z 16 GB na 32 GB DDR4 (pro stolní PC)=4800;navýšení RAM z 16 GB na 64 GB DDR4 (pro stolní PC)=9500";;Navýšení operační paměti RAM;CZK;1;0;"Záměna za NOVÝ SSD 4 TB M.2 NVMe=10750;Záměna za NOVÝ SSD Samsung 990 PRO 4 TB M.2 NVMe=10650";;Záměna pevného disku;CZK;1;0;;;;;;;"Krabice ESET HOME Security Essential, licence na 1 rok=1335;Krabice ESET HOME Security Premium, licence na 1 rok=1025;Krabice ESET HOME Security Ultimate, licence na 1 rok=2475";;Antivirus;CZK;1;0;Počáteční konfigurace systému=199;;Usnadnění;CZK;1;0;Přeinstalovat na Windows 10=199;;Změna operačního systému;CZK;1;0;24 měsíců;4,2;;;;"Model CPU;i3-6100 Processor (3M Cache, 2×3.70 GHz)";"Konfigurace úložiště;2000 GB SSD";"Grafická karta;Intel® HD Graphics 530";"WiFi karta;NE";"Operační systém;Windows 11 Pro";"Rozměry;100 × 303.5 × 273.5 mm";"Výkon zdroje (W);180 W";"Obsah balení;Napájecí kabel";;;;visible;refurbished;;;
LENM710E-1-VR10;;Lenovo ThinkCentre M710e - 16 GB - 4 TB SSD;;<p>Intel® Core™ i3-6100 Processor (3M Cache, 2×3.70 GHz), 16 GB DDR4, 4000 GB SSD M.2 NVMe, Intel® HD Graphics 530, DVD-RW, Windows 11 Pro</p>;<h3><strong>Lenovo ThinkCentre M710e - 16 GB - 4 TB SSD</strong></h3><p>U sestavy Lenovo ThinkCentre M710e - 16 GB - 4 TB SSD je důležitá hlavně jednoduchá každodenní práce a pohodlnější multitasking s více aplikacemi. Přitom Lenovo ThinkCentre M710e - 16 GB - 4 TB SSD nezapomíná ani na rychlé reakce systému a velké lokální úložiště.</p><p>Lenovo je v kancelářích rozšířené mimo jiné proto, že u firemních PC řeší dostupný servis a konzistentní provoz, což se hodí i u sestavy Lenovo ThinkCentre M710e - 16 GB - 4 TB SSD. V prostředí, kde se střídají uživatelé, oceníte u Lenovo ThinkCentre M710e - 16 GB - 4 TB SSD hlavně to, že se chová konzistentně a nevyžaduje složitou údržbu.</p><p>ThinkCentre je řada, která se často volí tam, kde běží e-mail, prohlížeč a kancelářské programy většinu dne, a Lenovo ThinkCentre M710e - 16 GB - 4 TB SSD do tohoto scénáře přesně zapadá. Pokud chcete nenápadný pracovní počítač, Lenovo ThinkCentre M710e - 16 GB - 4 TB SSD je koncipované tak, aby nezabíralo zbytečně prostor a dalo se snadno obsluhovat.</p><p>Ve variantě Lenovo ThinkCentre M710e - 16 GB - 4 TB SSD je použit <strong>Intel® Core™ i3-6100 Processor (3M Cache, 2×3.70 GHz)</strong>, dále <strong>16 GB DDR4</strong> a rychlé NVMe úložiště <strong>4000 GB SSD M.2 NVMe</strong>. Pro běžné použití Lenovo ThinkCentre M710e - 16 GB - 4 TB SSD znamená SSD svižné reakce systému a RAM přehlednější multitasking bez častého zavírání aplikací.</p><p>Hodí se pro Office, webové aplikace, e-maily, účetnictví, online schůzky, rozsáhlé lokální archivy, větší tabulky i více otevřených oken současně.</p><p>Není určený pro hraní aktuálních her ani pro renderování složitých 3D scén a pokročilý střih videa, u Lenovo ThinkCentre M710e - 16 GB - 4 TB SSD je priorita každodenní práce a klidný chod.</p><p>Lenovo ThinkCentre M710e - 16 GB - 4 TB SSD dodáváme po otestování, s Windows 11 Pro a se zárukou <strong>24 měsíců</strong>, takže se vyhnete zdlouhavému nastavování.</p>;Lenovo;Repasovaný A;Intel® Core™ i3;Intel®;Skylake (6. generace);1;2;16 GB;DDR4;4000 GB;SSD M.2 NVMe;integrovaná;Intel®;;;;;;;;;NE;1 GB Ethernet;NE;;;;;;;DVD-RW;6;2;;4;;;;;;;;1;;;;1;;;;;;ANO;;NE;1;;;NE;NE;;SFF (Small Form Factor);do 300 W;;;;;nad 3 kg;"Prodloužení záruky na 36 měsíců (1-desktop)=300;Prodloužení záruky na 48 měsíců (1-desktop)=600;Prodloužení záruky na 60 měsíců (1-desktop)=900";;Prodloužení záruky;CZK;1;0;"navýšení RAM z 16 GB na 32 GB DDR4 (pro stolní PC)=4800;navýšení RAM z 16 GB na 64 GB DDR4 (pro stolní PC)=9500";;Navýšení operační paměti RAM;CZK;1;0;;;;;;;;;;;;;"Krabice ESET HOME Security Essential, licence na 1 rok=1335;Krabice ESET HOME Security Premium, licence na 1 rok=1025;Krabice ESET HOME Security Ultimate, licence na 1 rok=2475";;Antivirus;CZK;1;0;Počáteční konfigurace systému=199;;Usnadnění;CZK;1;0;Přeinstalovat na Windows 10=199;;Změna operačního systému;CZK;1;0;24 měsíců;4,2;;;;"Model CPU;i3-6100 Processor (3M Cache, 2×3.70 GHz)";"Konfigurace úložiště;4000 GB SSD";"Grafická karta;Intel® HD Graphics 530";"WiFi karta;NE";"Operační systém;Windows 11 Pro";"Rozměry;100 × 303.5 × 273.5 mm";"Výkon zdroje (W);180 W";"Obsah balení;Napájecí kabel";;;;visible;refurbished;;;
LENM710E-1-VR11;;Lenovo ThinkCentre M710e - 32 GB - 256 GB SSD;;<p>Intel® Core™ i3-6100 Processor (3M Cache, 2×3.70 GHz), 32 GB DDR4, 256 GB SSD M.2 NVMe, Intel® HD Graphics 530, DVD-RW, Windows 11 Pro</p>;<h3><strong>Lenovo ThinkCentre M710e - 32 GB - 256 GB SSD</strong></h3><p>Konfigurace Lenovo ThinkCentre M710e - 32 GB - 256 GB SSD je kompaktní firemní počítač, který šetří místo na stole a cílí na náročnější práci s více otevřenými nástroji. V praxi potěší i tím, že u Lenovo ThinkCentre M710e - 32 GB - 256 GB SSD nabídne rychlé reakce systému a základní prostor pro soubory.</p><p>Lenovo u firemních počítačů obvykle sází na prověřené platformy, což přispívá ke stabilitě při celodenním provozu a u konfigurace Lenovo ThinkCentre M710e - 32 GB - 256 GB SSD to oceníte při rutinní práci. V každodenním provozu je pak u Lenovo ThinkCentre M710e - 32 GB - 256 GB SSD příjemné, že se můžete soustředit na práci místo řešení drobných technických problémů.</p><p>Řada ThinkCentre je navržená pro kanceláře, kde je důležité ticho, úspora místa a stabilní výkon pro každodenní aplikace, což je přesně typ použití, na které míří Lenovo ThinkCentre M710e - 32 GB - 256 GB SSD. Z pohledu každodenní praxe u Lenovo ThinkCentre M710e - 32 GB - 256 GB SSD potěší jednoduché umístění a fakt, že počítač neruší při práci.</p><p>Konkrétní výkon u Lenovo ThinkCentre M710e - 32 GB - 256 GB SSD tvoří <strong>Intel® Core™ i3-6100 Processor (3M Cache, 2×3.70 GHz)</strong>, k tomu <strong>32 GB DDR4</strong> a rychlé úložiště <strong>256 GB SSD M.2 NVMe</strong>. SSD u Lenovo ThinkCentre M710e - 32 GB - 256 GB SSD zkracuje načítání aplikací a RAM přidává prostor pro multitasking, takže se nemusíte tolik omezovat při práci v několika oknech.</p><p>Hodí se pro Office, webové aplikace, e-maily, účetnictví, online schůzky, běžné ukládání dokumentů, větší tabulky, více otevřených oken současně, základní vývoj a testování i lehčí virtualizaci.</p><p>Nehodí se pro výkonnostně náročné 3D aplikace a moderní hry ani pro profesionální střih, protože Lenovo ThinkCentre M710e - 32 GB - 256 GB SSD necílí na dedikovanou grafiku.</p><p>Lenovo ThinkCentre M710e - 32 GB - 256 GB SSD je otestované, dodané s Windows 11 Pro a se zárukou <strong>24 měsíců</strong>, takže nepotřebujete řešit nic víc než připojení periferií.</p>;Lenovo;Repasovaný A;Intel® Core™ i3;Intel®;Skylake (6. generace);1;2;32 GB;DDR4;256 GB;SSD M.2 NVMe;integrovaná;Intel®;;;;;;;;;NE;1 GB Ethernet;NE;;;;;;;DVD-RW;6;2;;4;;;;;;;;1;;;;1;;;;;;ANO;;NE;1;;;NE;NE;;SFF (Small Form Factor);do 300 W;;;;;nad 3 kg;"Prodloužení záruky na 36 měsíců (1-desktop)=300;Prodloužení záruky na 48 měsíců (1-desktop)=600;Prodloužení záruky na 60 měsíců (1-desktop)=900";;Prodloužení záruky;CZK;1;0;navýšení RAM ze 32 GB na 64 GB DDR4 (pro stolní PC)=9500;;Navýšení operační paměti RAM;CZK;1;0;"Záměna za NOVÝ SSD 500 GB M.2 NVMe=1800;Záměna za NOVÝ SSD 1 TB M.2 NVMe=2850;Záměna za NOVÝ SSD 2 TB M.2 NVMe=5350;Záměna za NOVÝ SSD 4 TB M.2 NVMe=10750;Záměna za NOVÝ SSD Samsung 980 500 GB M.2 NVMe=1800;Záměna za NOVÝ SSD Samsung 990 PRO 1 TB M.2 NVMe=3850;Záměna za NOVÝ SSD Samsung 990 PRO 2 TB M.2 NVMe=5650;Záměna za NOVÝ SSD Samsung 990 PRO 4 TB M.2 NVMe=10650";;Záměna pevného disku;CZK;1;0;;;;;;;"Krabice ESET HOME Security Essential, licence na 1 rok=1335;Krabice ESET HOME Security Premium, licence na 1 rok=1025;Krabice ESET HOME Security Ultimate, licence na 1 rok=2475";;Antivirus;CZK;1;0;Počáteční konfigurace systému=199;;Usnadnění;CZK;1;0;Přeinstalovat na Windows 10=199;;Změna operačního systému;CZK;1;0;24 měsíců;4,2;;;;"Model CPU;i3-6100 Processor (3M Cache, 2×3.70 GHz)";"Konfigurace úložiště;256 GB SSD";"Grafická karta;Intel® HD Graphics 530";"WiFi karta;NE";"Operační systém;Windows 11 Pro";"Rozměry;100 × 303.5 × 273.5 mm";"Výkon zdroje (W);180 W";"Obsah balení;Napájecí kabel";;;;visible;refurbished;;;
LENM710E-1-VR12;;Lenovo ThinkCentre M710e - 32 GB - 500 GB SSD;;<p>Intel® Core™ i3-6100 Processor (3M Cache, 2×3.70 GHz), 32 GB DDR4, 500 GB SSD M.2 NVMe, Intel® HD Graphics 530, DVD-RW, Windows 11 Pro</p>;<h3><strong>Lenovo ThinkCentre M710e - 32 GB - 500 GB SSD</strong></h3><p>Lenovo ThinkCentre M710e - 32 GB - 500 GB SSD je praktický desktop pro každodenní práci, kde je hlavní výhodou rychlé reakce systému a více místa na dokumenty. Díky tomu se Lenovo ThinkCentre M710e - 32 GB - 500 GB SSD hodí jako stabilní základ pro náročnější práci s více otevřenými nástroji.</p><p>U značky Lenovo se u kancelářských sestav často řeší hlavně spolehlivost a servisní zázemí, takže Lenovo ThinkCentre M710e - 32 GB - 500 GB SSD dobře zapadá do prostředí, kde počítač běží každý den. Pro Lenovo ThinkCentre M710e - 32 GB - 500 GB SSD je typické, že je zaměřené na bezproblémové používání, což je v kanceláři často důležitější než maximální výkon.</p><p>ThinkCentre v praxi znamená kompaktní skříň a důraz na klidný provoz, takže Lenovo ThinkCentre M710e - 32 GB - 500 GB SSD se dobře hodí na pracovní stůl i do menšího open space. Pro menší firmy je Lenovo ThinkCentre M710e - 32 GB - 500 GB SSD praktické tím, že je přizpůsobené běžnému provozu a nepůsobí rušivě hlukem.</p><p>V této konfiguraci Lenovo ThinkCentre M710e - 32 GB - 500 GB SSD pracuje <strong>Intel® Core™ i3-6100 Processor (3M Cache, 2×3.70 GHz)</strong> spolu s <strong>32 GB DDR4</strong> a diskem <strong>500 GB SSD M.2 NVMe</strong>. NVMe SSD u Lenovo ThinkCentre M710e - 32 GB - 500 GB SSD pomůže při kopírování a ukládání souborů a RAM se projeví při souběhu kancelářských programů a webových nástrojů.</p><p>Hodí se pro Office, webové aplikace, e-maily, účetnictví, online schůzky, práci s větším množstvím souborů, větší tabulky, více otevřených oken současně, základní vývoj a testování i lehčí virtualizaci.</p><p>Není určený pro herní použití ani pro náročné grafické projekty a profesionální editaci videa, u Lenovo ThinkCentre M710e - 32 GB - 500 GB SSD jde především o plynulou kancelář a spolehlivost.</p><p>Lenovo ThinkCentre M710e - 32 GB - 500 GB SSD dodáváme otestované, s Windows 11 Pro a se zárukou <strong>24 měsíců</strong>, takže jej můžete bez odkladů zařadit do běžného provozu.</p>;Lenovo;Repasovaný A;Intel® Core™ i3;Intel®;Skylake (6. generace);1;2;32 GB;DDR4;500 GB;SSD M.2 NVMe;integrovaná;Intel®;;;;;;;;;NE;1 GB Ethernet;NE;;;;;;;DVD-RW;6;2;;4;;;;;;;;1;;;;1;;;;;;ANO;;NE;1;;;NE;NE;;SFF (Small Form Factor);do 300 W;;;;;nad 3 kg;"Prodloužení záruky na 36 měsíců (1-desktop)=300;Prodloužení záruky na 48 měsíců (1-desktop)=600;Prodloužení záruky na 60 měsíců (1-desktop)=900";;Prodloužení záruky;CZK;1;0;navýšení RAM ze 32 GB na 64 GB DDR4 (pro stolní PC)=9500;;Navýšení operační paměti RAM;CZK;1;0;"Záměna za NOVÝ SSD 1 TB M.2 NVMe=2850;Záměna za NOVÝ SSD 2 TB M.2 NVMe=5350;Záměna za NOVÝ SSD 4 TB M.2 NVMe=10750;Záměna za NOVÝ SSD Samsung 990 PRO 1 TB M.2 NVMe=3850;Záměna za NOVÝ SSD Samsung 990 PRO 2 TB M.2 NVMe=5650;Záměna za NOVÝ SSD Samsung 990 PRO 4 TB M.2 NVMe=10650";;Záměna pevného disku;CZK;1;0;;;;;;;"Krabice ESET HOME Security Essential, licence na 1 rok=1335;Krabice ESET HOME Security Premium, licence na 1 rok=1025;Krabice ESET HOME Security Ultimate, licence na 1 rok=2475";;Antivirus;CZK;1;0;Počáteční konfigurace systému=199;;Usnadnění;CZK;1;0;Přeinstalovat na Windows 10=199;;Změna operačního systému;CZK;1;0;24 měsíců;4,2;;;;"Model CPU;i3-6100 Processor (3M Cache, 2×3.70 GHz)";"Konfigurace úložiště;500 GB SSD";"Grafická karta;Intel® HD Graphics 530";"WiFi karta;NE";"Operační systém;Windows 11 Pro";"Rozměry;100 × 303.5 × 273.5 mm";"Výkon zdroje (W);180 W";"Obsah balení;Napájecí kabel";;;;visible;refurbished;;;
LENM710E-1-VR13;;Lenovo ThinkCentre M710e - 32 GB - 1 TB SSD;;<p>Intel® Core™ i3-6100 Processor (3M Cache, 2×3.70 GHz), 32 GB DDR4, 1000 GB SSD M.2 NVMe, Intel® HD Graphics 530, DVD-RW, Windows 11 Pro</p>;<h3><strong>Lenovo ThinkCentre M710e - 32 GB - 1 TB SSD</strong></h3><p>Tato varianta Lenovo ThinkCentre M710e - 32 GB - 1 TB SSD kombinuje kompaktní provedení a důraz na náročnější práci s více otevřenými nástroji. Při běžné práci se u Lenovo ThinkCentre M710e - 32 GB - 1 TB SSD projeví také rychlé reakce systému a komfortní prostor pro data.</p><p>Firemní řady Lenovo jsou v praxi známé tím, že míří na předvídatelné chování a dlouhodobé používání, což je přesně očekávání, se kterým dává smysl i Lenovo ThinkCentre M710e - 32 GB - 1 TB SSD. U Lenovo ThinkCentre M710e - 32 GB - 1 TB SSD se tento přístup projeví tím, že počítač drží tempo při běžných úkolech po celý pracovní den.</p><p>U ThinkCentre se počítá s každodenním používáním, kde se řeší hlavně spolehlivost a jednoduchá údržba, a právě na to navazuje i Lenovo ThinkCentre M710e - 32 GB - 1 TB SSD. V běžné kanceláři vám Lenovo ThinkCentre M710e - 32 GB - 1 TB SSD pomůže udržet pracovní místo přehledné a zároveň nabídne stabilní tempo práce.</p><p>Odezvu a plynulost u Lenovo ThinkCentre M710e - 32 GB - 1 TB SSD zajišťuje <strong>Intel® Core™ i3-6100 Processor (3M Cache, 2×3.70 GHz)</strong> v kombinaci s <strong>32 GB DDR4</strong> a SSD <strong>1000 GB SSD M.2 NVMe</strong>. Díky SSD se Lenovo ThinkCentre M710e - 32 GB - 1 TB SSD rychleji spouští a programy reagují svižněji, zatímco paměť pomáhá držet tempo při práci s více dokumenty a kartami v prohlížeči.</p><p>Hodí se pro Office, webové aplikace, e-maily, účetnictví, online schůzky, správu větších archivů, větší tabulky, více otevřených oken současně, základní vývoj a testování i lehčí virtualizaci.</p><p>Nehodí se pro moderní herní tituly ani pro 3D renderování a pokročilý střih videa, protože Lenovo ThinkCentre M710e - 32 GB - 1 TB SSD je koncipované jako pracovní kancelářský počítač.</p><p>Lenovo ThinkCentre M710e - 32 GB - 1 TB SSD dodáváme otestované, s Windows 11 Pro a se zárukou <strong>24 měsíců</strong>, takže po připojení můžete rovnou pracovat.</p>;Lenovo;Repasovaný A;Intel® Core™ i3;Intel®;Skylake (6. generace);1;2;32 GB;DDR4;1000 GB;SSD M.2 NVMe;integrovaná;Intel®;;;;;;;;;NE;1 GB Ethernet;NE;;;;;;;DVD-RW;6;2;;4;;;;;;;;1;;;;1;;;;;;ANO;;NE;1;;;NE;NE;;SFF (Small Form Factor);do 300 W;;;;;nad 3 kg;"Prodloužení záruky na 36 měsíců (1-desktop)=300;Prodloužení záruky na 48 měsíců (1-desktop)=600;Prodloužení záruky na 60 měsíců (1-desktop)=900";;Prodloužení záruky;CZK;1;0;navýšení RAM ze 32 GB na 64 GB DDR4 (pro stolní PC)=9500;;Navýšení operační paměti RAM;CZK;1;0;"Záměna za NOVÝ SSD 2 TB M.2 NVMe=5350;Záměna za NOVÝ SSD 4 TB M.2 NVMe=10750;Záměna za NOVÝ SSD Samsung 990 PRO 2 TB M.2 NVMe=5650;Záměna za NOVÝ SSD Samsung 990 PRO 4 TB M.2 NVMe=10650";;Záměna pevného disku;CZK;1;0;;;;;;;"Krabice ESET HOME Security Essential, licence na 1 rok=1335;Krabice ESET HOME Security Premium, licence na 1 rok=1025;Krabice ESET HOME Security Ultimate, licence na 1 rok=2475";;Antivirus;CZK;1;0;Počáteční konfigurace systému=199;;Usnadnění;CZK;1;0;Přeinstalovat na Windows 10=199;;Změna operačního systému;CZK;1;0;24 měsíců;4,2;;;;"Model CPU;i3-6100 Processor (3M Cache, 2×3.70 GHz)";"Konfigurace úložiště;1000 GB SSD";"Grafická karta;Intel® HD Graphics 530";"WiFi karta;NE";"Operační systém;Windows 11 Pro";"Rozměry;100 × 303.5 × 273.5 mm";"Výkon zdroje (W);180 W";"Obsah balení;Napájecí kabel";;;;visible;refurbished;;;
LENM710E-1-VR14;;Lenovo ThinkCentre M710e - 32 GB - 2 TB SSD;;<p>Intel® Core™ i3-6100 Processor (3M Cache, 2×3.70 GHz), 32 GB DDR4, 2000 GB SSD M.2 NVMe, Intel® HD Graphics 530, DVD-RW, Windows 11 Pro</p>;<h3><strong>Lenovo ThinkCentre M710e - 32 GB - 2 TB SSD</strong></h3><p>Lenovo ThinkCentre M710e - 32 GB - 2 TB SSD je firemní stolní počítač do kanceláře i domácí pracovny a v této sestavě přináší náročnější práci s více otevřenými nástroji. Zároveň u Lenovo ThinkCentre M710e - 32 GB - 2 TB SSD dostanete rychlé reakce systému a hodně místa pro data a zálohy.</p><p>Lenovo staví kancelářské desktopy tak, aby zvládaly každodenní zátěž bez zbytečných výpadků, a u varianty Lenovo ThinkCentre M710e - 32 GB - 2 TB SSD je to znát na klidném, stabilním projevu. U Lenovo ThinkCentre M710e - 32 GB - 2 TB SSD to znamená hlavně menší riziko prostojů při běžné kancelářské agendě a jednodušší správu ve firmě.</p><p>ThinkCentre je dělané na praktické nasazení v kanceláři, proto klade důraz na kompaktnost a tichý chod, což oceníte i u konfigurace Lenovo ThinkCentre M710e - 32 GB - 2 TB SSD. V domácí pracovně nabídne Lenovo ThinkCentre M710e - 32 GB - 2 TB SSD klidné pozadí pro soustředění a online schůzky bez zbytečného rozruchu.</p><p>Základem sestavy Lenovo ThinkCentre M710e - 32 GB - 2 TB SSD je <strong>Intel® Core™ i3-6100 Processor (3M Cache, 2×3.70 GHz)</strong> doplněný o <strong>32 GB DDR4</strong> a úložiště <strong>2000 GB SSD M.2 NVMe</strong>. Rychlé úložiště u Lenovo ThinkCentre M710e - 32 GB - 2 TB SSD urychlí práci se soubory a paměť udrží plynulost i při videohovorech, tabulkách a více běžících aplikacích současně.</p><p>Hodí se pro Office, webové aplikace, e-maily, účetnictví, online schůzky, zálohy a dlouhodobé ukládání souborů, větší tabulky, více otevřených oken současně, základní vývoj a testování i lehčí virtualizaci.</p><p>Není určený pro náročné hraní ani pro práci, kde se počítá s výkonnou samostatnou grafikou, u Lenovo ThinkCentre M710e - 32 GB - 2 TB SSD je důraz na běžné kancelářské scénáře.</p><p>Lenovo ThinkCentre M710e - 32 GB - 2 TB SSD je otestované, má nainstalovaný Windows 11 Pro a záruku <strong>24 měsíců</strong>, takže stačí zapojit a začít používat.</p>;Lenovo;Repasovaný A;Intel® Core™ i3;Intel®;Skylake (6. generace);1;2;32 GB;DDR4;2000 GB;SSD M.2 NVMe;integrovaná;Intel®;;;;;;;;;NE;1 GB Ethernet;NE;;;;;;;DVD-RW;6;2;;4;;;;;;;;1;;;;1;;;;;;ANO;;NE;1;;;NE;NE;;SFF (Small Form Factor);do 300 W;;;;;nad 3 kg;"Prodloužení záruky na 36 měsíců (1-desktop)=300;Prodloužení záruky na 48 měsíců (1-desktop)=600;Prodloužení záruky na 60 měsíců (1-desktop)=900";;Prodloužení záruky;CZK;1;0;navýšení RAM ze 32 GB na 64 GB DDR4 (pro stolní PC)=9500;;Navýšení operační paměti RAM;CZK;1;0;"Záměna za NOVÝ SSD 4 TB M.2 NVMe=10750;Záměna za NOVÝ SSD Samsung 990 PRO 4 TB M.2 NVMe=10650";;Záměna pevného disku;CZK;1;0;;;;;;;"Krabice ESET HOME Security Essential, licence na 1 rok=1335;Krabice ESET HOME Security Premium, licence na 1 rok=1025;Krabice ESET HOME Security Ultimate, licence na 1 rok=2475";;Antivirus;CZK;1;0;Počáteční konfigurace systému=199;;Usnadnění;CZK;1;0;Přeinstalovat na Windows 10=199;;Změna operačního systému;CZK;1;0;24 měsíců;4,2;;;;"Model CPU;i3-6100 Processor (3M Cache, 2×3.70 GHz)";"Konfigurace úložiště;2000 GB SSD";"Grafická karta;Intel® HD Graphics 530";"WiFi karta;NE";"Operační systém;Windows 11 Pro";"Rozměry;100 × 303.5 × 273.5 mm";"Výkon zdroje (W);180 W";"Obsah balení;Napájecí kabel";;;;visible;refurbished;;;
LENM710E-1-VR15;;Lenovo ThinkCentre M710e - 32 GB - 4 TB SSD;;<p>Intel® Core™ i3-6100 Processor (3M Cache, 2×3.70 GHz), 32 GB DDR4, 4000 GB SSD M.2 NVMe, Intel® HD Graphics 530, DVD-RW, Windows 11 Pro</p>;<h3><strong>Lenovo ThinkCentre M710e - 32 GB - 4 TB SSD</strong></h3><p>U sestavy Lenovo ThinkCentre M710e - 32 GB - 4 TB SSD je důležitá hlavně jednoduchá každodenní práce a náročnější práci s více otevřenými nástroji. Přitom Lenovo ThinkCentre M710e - 32 GB - 4 TB SSD nezapomíná ani na rychlé reakce systému a velké lokální úložiště.</p><p>Lenovo je v kancelářích rozšířené mimo jiné proto, že u firemních PC řeší dostupný servis a konzistentní provoz, což se hodí i u sestavy Lenovo ThinkCentre M710e - 32 GB - 4 TB SSD. V prostředí, kde se střídají uživatelé, oceníte u Lenovo ThinkCentre M710e - 32 GB - 4 TB SSD hlavně to, že se chová konzistentně a nevyžaduje složitou údržbu.</p><p>ThinkCentre je řada, která se často volí tam, kde běží e-mail, prohlížeč a kancelářské programy většinu dne, a Lenovo ThinkCentre M710e - 32 GB - 4 TB SSD do tohoto scénáře přesně zapadá. Pokud chcete nenápadný pracovní počítač, Lenovo ThinkCentre M710e - 32 GB - 4 TB SSD je koncipované tak, aby nezabíralo zbytečně prostor a dalo se snadno obsluhovat.</p><p>Ve variantě Lenovo ThinkCentre M710e - 32 GB - 4 TB SSD je použit <strong>Intel® Core™ i3-6100 Processor (3M Cache, 2×3.70 GHz)</strong>, dále <strong>32 GB DDR4</strong> a rychlé NVMe úložiště <strong>4000 GB SSD M.2 NVMe</strong>. Pro běžné použití Lenovo ThinkCentre M710e - 32 GB - 4 TB SSD znamená SSD svižné reakce systému a RAM přehlednější multitasking bez častého zavírání aplikací.</p><p>Hodí se pro Office, webové aplikace, e-maily, účetnictví, online schůzky, rozsáhlé lokální archivy, větší tabulky, více otevřených oken současně, základní vývoj a testování i lehčí virtualizaci.</p><p>Nehodí se pro úlohy s vysokými nároky na grafický výkon, jako jsou moderní hry nebo 3D vizualizace, protože Lenovo ThinkCentre M710e - 32 GB - 4 TB SSD míří na každodenní produktivitu.</p><p>Každý kus Lenovo ThinkCentre M710e - 32 GB - 4 TB SSD je otestovaný, vybavený Windows 11 Pro a krytý zárukou <strong>24 měsíců</strong>, takže se rychle pustíte do práce.</p>;Lenovo;Repasovaný A;Intel® Core™ i3;Intel®;Skylake (6. generace);1;2;32 GB;DDR4;4000 GB;SSD M.2 NVMe;integrovaná;Intel®;;;;;;;;;NE;1 GB Ethernet;NE;;;;;;;DVD-RW;6;2;;4;;;;;;;;1;;;;1;;;;;;ANO;;NE;1;;;NE;NE;;SFF (Small Form Factor);do 300 W;;;;;nad 3 kg;"Prodloužení záruky na 36 měsíců (1-desktop)=300;Prodloužení záruky na 48 měsíců (1-desktop)=600;Prodloužení záruky na 60 měsíců (1-desktop)=900";;Prodloužení záruky;CZK;1;0;navýšení RAM ze 32 GB na 64 GB DDR4 (pro stolní PC)=9500;;Navýšení operační paměti RAM;CZK;1;0;;;;;;;;;;;;;"Krabice ESET HOME Security Essential, licence na 1 rok=1335;Krabice ESET HOME Security Premium, licence na 1 rok=1025;Krabice ESET HOME Security Ultimate, licence na 1 rok=2475";;Antivirus;CZK;1;0;Počáteční konfigurace systému=199;;Usnadnění;CZK;1;0;Přeinstalovat na Windows 10=199;;Změna operačního systému;CZK;1;0;24 měsíců;4,2;;;;"Model CPU;i3-6100 Processor (3M Cache, 2×3.70 GHz)";"Konfigurace úložiště;4000 GB SSD";"Grafická karta;Intel® HD Graphics 530";"WiFi karta;NE";"Operační systém;Windows 11 Pro";"Rozměry;100 × 303.5 × 273.5 mm";"Výkon zdroje (W);180 W";"Obsah balení;Napájecí kabel";;;;visible;refurbished;;;
LENM710E-1-VR16;;Lenovo ThinkCentre M710e - 64 GB - 256 GB SSD;;<p>Intel® Core™ i3-6100 Processor (3M Cache, 2×3.70 GHz), 64 GB DDR4, 256 GB SSD M.2 NVMe, Intel® HD Graphics 530, DVD-RW, Windows 11 Pro</p>;<h3><strong>Lenovo ThinkCentre M710e - 64 GB - 256 GB SSD</strong></h3><p>Konfigurace Lenovo ThinkCentre M710e - 64 GB - 256 GB SSD je kompaktní firemní počítač, který šetří místo na stole a cílí na velkou paměťovou rezervu pro náročné pracovní postupy. V praxi potěší i tím, že u Lenovo ThinkCentre M710e - 64 GB - 256 GB SSD nabídne rychlé reakce systému a základní prostor pro soubory.</p><p>Lenovo u firemních počítačů obvykle sází na prověřené platformy, což přispívá ke stabilitě při celodenním provozu a u konfigurace Lenovo ThinkCentre M710e - 64 GB - 256 GB SSD to oceníte při rutinní práci. V každodenním provozu je pak u Lenovo ThinkCentre M710e - 64 GB - 256 GB SSD příjemné, že se můžete soustředit na práci místo řešení drobných technických problémů.</p><p>Řada ThinkCentre je navržená pro kanceláře, kde je důležité ticho, úspora místa a stabilní výkon pro každodenní aplikace, což je přesně typ použití, na které míří Lenovo ThinkCentre M710e - 64 GB - 256 GB SSD. Z pohledu každodenní praxe u Lenovo ThinkCentre M710e - 64 GB - 256 GB SSD potěší jednoduché umístění a fakt, že počítač neruší při práci.</p><p>Konkrétní výkon u Lenovo ThinkCentre M710e - 64 GB - 256 GB SSD tvoří <strong>Intel® Core™ i3-6100 Processor (3M Cache, 2×3.70 GHz)</strong>, k tomu <strong>64 GB DDR4</strong> a rychlé úložiště <strong>256 GB SSD M.2 NVMe</strong>. SSD u Lenovo ThinkCentre M710e - 64 GB - 256 GB SSD zkracuje načítání aplikací a RAM přidává prostor pro multitasking, takže se nemusíte tolik omezovat při práci v několika oknech.</p><p>Hodí se pro Office, webové aplikace, e-maily, účetnictví, online schůzky, běžné ukládání dokumentů, větší tabulky, více otevřených oken současně, základní vývoj a testování, lehčí virtualizaci i náročnější virtualizaci a testovací prostředí.</p><p>Není určený pro profesionální 3D tvorbu a moderní hry ani pro těžký střih videa, protože Lenovo ThinkCentre M710e - 64 GB - 256 GB SSD je navržené pro klidnou kancelářskou práci.</p><p>Lenovo ThinkCentre M710e - 64 GB - 256 GB SSD dodáváme po otestování, s Windows 11 Pro a se zárukou <strong>24 měsíců</strong>, takže se vyhnete zdlouhavému nastavování.</p>;Lenovo;Repasovaný A;Intel® Core™ i3;Intel®;Skylake (6. generace);1;2;64 GB;DDR4;256 GB;SSD M.2 NVMe;integrovaná;Intel®;;;;;;;;;NE;1 GB Ethernet;NE;;;;;;;DVD-RW;6;2;;4;;;;;;;;1;;;;1;;;;;;ANO;;NE;1;;;NE;NE;;SFF (Small Form Factor);do 300 W;;;;;nad 3 kg;"Prodloužení záruky na 36 měsíců (1-desktop)=300;Prodloužení záruky na 48 měsíců (1-desktop)=600;Prodloužení záruky na 60 měsíců (1-desktop)=900";;Prodloužení záruky;CZK;1;0;;;;;;;"Záměna za NOVÝ SSD 500 GB M.2 NVMe=1800;Záměna za NOVÝ SSD 1 TB M.2 NVMe=2850;Záměna za NOVÝ SSD 2 TB M.2 NVMe=5350;Záměna za NOVÝ SSD 4 TB M.2 NVMe=10750;Záměna za NOVÝ SSD Samsung 980 500 GB M.2 NVMe=1800;Záměna za NOVÝ SSD Samsung 990 PRO 1 TB M.2 NVMe=3850;Záměna za NOVÝ SSD Samsung 990 PRO 2 TB M.2 NVMe=5650;Záměna za NOVÝ SSD Samsung 990 PRO 4 TB M.2 NVMe=10650";;Záměna pevného disku;CZK;1;0;;;;;;;"Krabice ESET HOME Security Essential, licence na 1 rok=1335;Krabice ESET HOME Security Premium, licence na 1 rok=1025;Krabice ESET HOME Security Ultimate, licence na 1 rok=2475";;Antivirus;CZK;1;0;Počáteční konfigurace systému=199;;Usnadnění;CZK;1;0;Přeinstalovat na Windows 10=199;;Změna operačního systému;CZK;1;0;24 měsíců;4,2;;;;"Model CPU;i3-6100 Processor (3M Cache, 2×3.70 GHz)";"Konfigurace úložiště;256 GB SSD";"Grafická karta;Intel® HD Graphics 530";"WiFi karta;NE";"Operační systém;Windows 11 Pro";"Rozměry;100 × 303.5 × 273.5 mm";"Výkon zdroje (W);180 W";"Obsah balení;Napájecí kabel";;;;visible;refurbished;;;
LENM710E-1-VR17;;Lenovo ThinkCentre M710e - 64 GB - 500 GB SSD;;<p>Intel® Core™ i3-6100 Processor (3M Cache, 2×3.70 GHz), 64 GB DDR4, 500 GB SSD M.2 NVMe, Intel® HD Graphics 530, DVD-RW, Windows 11 Pro</p>;<h3><strong>Lenovo ThinkCentre M710e - 64 GB - 500 GB SSD</strong></h3><p>Lenovo ThinkCentre M710e - 64 GB - 500 GB SSD je praktický desktop pro každodenní práci, kde je hlavní výhodou rychlé reakce systému a více místa na dokumenty. Díky tomu se Lenovo ThinkCentre M710e - 64 GB - 500 GB SSD hodí jako stabilní základ pro velkou paměťovou rezervu pro náročné pracovní postupy.</p><p>U značky Lenovo se u kancelářských sestav často řeší hlavně spolehlivost a servisní zázemí, takže Lenovo ThinkCentre M710e - 64 GB - 500 GB SSD dobře zapadá do prostředí, kde počítač běží každý den. Pro Lenovo ThinkCentre M710e - 64 GB - 500 GB SSD je typické, že je zaměřené na bezproblémové používání, což je v kanceláři často důležitější než maximální výkon.</p><p>ThinkCentre v praxi znamená kompaktní skříň a důraz na klidný provoz, takže Lenovo ThinkCentre M710e - 64 GB - 500 GB SSD se dobře hodí na pracovní stůl i do menšího open space. Pro menší firmy je Lenovo ThinkCentre M710e - 64 GB - 500 GB SSD praktické tím, že je přizpůsobené běžnému provozu a nepůsobí rušivě hlukem.</p><p>V této konfiguraci Lenovo ThinkCentre M710e - 64 GB - 500 GB SSD pracuje <strong>Intel® Core™ i3-6100 Processor (3M Cache, 2×3.70 GHz)</strong> spolu s <strong>64 GB DDR4</strong> a diskem <strong>500 GB SSD M.2 NVMe</strong>. NVMe SSD u Lenovo ThinkCentre M710e - 64 GB - 500 GB SSD pomůže při kopírování a ukládání souborů a RAM se projeví při souběhu kancelářských programů a webových nástrojů.</p><p>Hodí se pro Office, webové aplikace, e-maily, účetnictví, online schůzky, práci s větším množstvím souborů, větší tabulky, více otevřených oken současně, základní vývoj a testování, lehčí virtualizaci i náročnější virtualizaci a testovací prostředí.</p><p>Nehodí se pro moderní hry ani pro náročné 3D modelování a profesionální střih videa, protože Lenovo ThinkCentre M710e - 64 GB - 500 GB SSD je stavěné hlavně na stabilní kancelářský provoz.</p><p>Lenovo ThinkCentre M710e - 64 GB - 500 GB SSD je otestované, dodané s Windows 11 Pro a se zárukou <strong>24 měsíců</strong>, takže nepotřebujete řešit nic víc než připojení periferií.</p>;Lenovo;Repasovaný A;Intel® Core™ i3;Intel®;Skylake (6. generace);1;2;64 GB;DDR4;500 GB;SSD M.2 NVMe;integrovaná;Intel®;;;;;;;;;NE;1 GB Ethernet;NE;;;;;;;DVD-RW;6;2;;4;;;;;;;;1;;;;1;;;;;;ANO;;NE;1;;;NE;NE;;SFF (Small Form Factor);do 300 W;;;;;nad 3 kg;"Prodloužení záruky na 36 měsíců (1-desktop)=300;Prodloužení záruky na 48 měsíců (1-desktop)=600;Prodloužení záruky na 60 měsíců (1-desktop)=900";;Prodloužení záruky;CZK;1;0;;;;;;;"Záměna za NOVÝ SSD 1 TB M.2 NVMe=2850;Záměna za NOVÝ SSD 2 TB M.2 NVMe=5350;Záměna za NOVÝ SSD 4 TB M.2 NVMe=10750;Záměna za NOVÝ SSD Samsung 990 PRO 1 TB M.2 NVMe=3850;Záměna za NOVÝ SSD Samsung 990 PRO 2 TB M.2 NVMe=5650;Záměna za NOVÝ SSD Samsung 990 PRO 4 TB M.2 NVMe=10650";;Záměna pevného disku;CZK;1;0;;;;;;;"Krabice ESET HOME Security Essential, licence na 1 rok=1335;Krabice ESET HOME Security Premium, licence na 1 rok=1025;Krabice ESET HOME Security Ultimate, licence na 1 rok=2475";;Antivirus;CZK;1;0;Počáteční konfigurace systému=199;;Usnadnění;CZK;1;0;Přeinstalovat na Windows 10=199;;Změna operačního systému;CZK;1;0;24 měsíců;4,2;;;;"Model CPU;i3-6100 Processor (3M Cache, 2×3.70 GHz)";"Konfigurace úložiště;500 GB SSD";"Grafická karta;Intel® HD Graphics 530";"WiFi karta;NE";"Operační systém;Windows 11 Pro";"Rozměry;100 × 303.5 × 273.5 mm";"Výkon zdroje (W);180 W";"Obsah balení;Napájecí kabel";;;;visible;refurbished;;;
LENM710E-1-VR18;;Lenovo ThinkCentre M710e - 64 GB - 1 TB SSD;;<p>Intel® Core™ i3-6100 Processor (3M Cache, 2×3.70 GHz), 64 GB DDR4, 1000 GB SSD M.2 NVMe, Intel® HD Graphics 530, DVD-RW, Windows 11 Pro</p>;<h3><strong>Lenovo ThinkCentre M710e - 64 GB - 1 TB SSD</strong></h3><p>Tato varianta Lenovo ThinkCentre M710e - 64 GB - 1 TB SSD kombinuje kompaktní provedení a důraz na velkou paměťovou rezervu pro náročné pracovní postupy. Při běžné práci se u Lenovo ThinkCentre M710e - 64 GB - 1 TB SSD projeví také rychlé reakce systému a komfortní prostor pro data.</p><p>Firemní řady Lenovo jsou v praxi známé tím, že míří na předvídatelné chování a dlouhodobé používání, což je přesně očekávání, se kterým dává smysl i Lenovo ThinkCentre M710e - 64 GB - 1 TB SSD. U Lenovo ThinkCentre M710e - 64 GB - 1 TB SSD se tento přístup projeví tím, že počítač drží tempo při běžných úkolech po celý pracovní den.</p><p>U ThinkCentre se počítá s každodenním používáním, kde se řeší hlavně spolehlivost a jednoduchá údržba, a právě na to navazuje i Lenovo ThinkCentre M710e - 64 GB - 1 TB SSD. V běžné kanceláři vám Lenovo ThinkCentre M710e - 64 GB - 1 TB SSD pomůže udržet pracovní místo přehledné a zároveň nabídne stabilní tempo práce.</p><p>Odezvu a plynulost u Lenovo ThinkCentre M710e - 64 GB - 1 TB SSD zajišťuje <strong>Intel® Core™ i3-6100 Processor (3M Cache, 2×3.70 GHz)</strong> v kombinaci s <strong>64 GB DDR4</strong> a SSD <strong>1000 GB SSD M.2 NVMe</strong>. Díky SSD se Lenovo ThinkCentre M710e - 64 GB - 1 TB SSD rychleji spouští a programy reagují svižněji, zatímco paměť pomáhá držet tempo při práci s více dokumenty a kartami v prohlížeči.</p><p>Hodí se pro Office, webové aplikace, e-maily, účetnictví, online schůzky, správu větších archivů, větší tabulky, více otevřených oken současně, základní vývoj a testování, lehčí virtualizaci i náročnější virtualizaci a testovací prostředí.</p><p>Není určený pro hraní aktuálních her ani pro renderování složitých 3D scén a pokročilý střih videa, u Lenovo ThinkCentre M710e - 64 GB - 1 TB SSD je priorita každodenní práce a klidný chod.</p><p>Lenovo ThinkCentre M710e - 64 GB - 1 TB SSD dodáváme otestované, s Windows 11 Pro a se zárukou <strong>24 měsíců</strong>, takže jej můžete bez odkladů zařadit do běžného provozu.</p>;Lenovo;Repasovaný A;Intel® Core™ i3;Intel®;Skylake (6. generace);1;2;64 GB;DDR4;1000 GB;SSD M.2 NVMe;integrovaná;Intel®;;;;;;;;;NE;1 GB Ethernet;NE;;;;;;;DVD-RW;6;2;;4;;;;;;;;1;;;;1;;;;;;ANO;;NE;1;;;NE;NE;;SFF (Small Form Factor);do 300 W;;;;;nad 3 kg;"Prodloužení záruky na 36 měsíců (1-desktop)=300;Prodloužení záruky na 48 měsíců (1-desktop)=600;Prodloužení záruky na 60 měsíců (1-desktop)=900";;Prodloužení záruky;CZK;1;0;;;;;;;"Záměna za NOVÝ SSD 2 TB M.2 NVMe=5350;Záměna za NOVÝ SSD 4 TB M.2 NVMe=10750;Záměna za NOVÝ SSD Samsung 990 PRO 2 TB M.2 NVMe=5650;Záměna za NOVÝ SSD Samsung 990 PRO 4 TB M.2 NVMe=10650";;Záměna pevného disku;CZK;1;0;;;;;;;"Krabice ESET HOME Security Essential, licence na 1 rok=1335;Krabice ESET HOME Security Premium, licence na 1 rok=1025;Krabice ESET HOME Security Ultimate, licence na 1 rok=2475";;Antivirus;CZK;1;0;Počáteční konfigurace systému=199;;Usnadnění;CZK;1;0;Přeinstalovat na Windows 10=199;;Změna operačního systému;CZK;1;0;24 měsíců;4,2;;;;"Model CPU;i3-6100 Processor (3M Cache, 2×3.70 GHz)";"Konfigurace úložiště;1000 GB SSD";"Grafická karta;Intel® HD Graphics 530";"WiFi karta;NE";"Operační systém;Windows 11 Pro";"Rozměry;100 × 303.5 × 273.5 mm";"Výkon zdroje (W);180 W";"Obsah balení;Napájecí kabel";;;;visible;refurbished;;;
LENM710E-1-VR19;;Lenovo ThinkCentre M710e - 64 GB - 2 TB SSD;;<p>Intel® Core™ i3-6100 Processor (3M Cache, 2×3.70 GHz), 64 GB DDR4, 2000 GB SSD M.2 NVMe, Intel® HD Graphics 530, DVD-RW, Windows 11 Pro</p>;<h3><strong>Lenovo ThinkCentre M710e - 64 GB - 2 TB SSD</strong></h3><p>Lenovo ThinkCentre M710e - 64 GB - 2 TB SSD je firemní stolní počítač do kanceláře i domácí pracovny a v této sestavě přináší velkou paměťovou rezervu pro náročné pracovní postupy. Zároveň u Lenovo ThinkCentre M710e - 64 GB - 2 TB SSD dostanete rychlé reakce systému a hodně místa pro data a zálohy.</p><p>Lenovo staví kancelářské desktopy tak, aby zvládaly každodenní zátěž bez zbytečných výpadků, a u varianty Lenovo ThinkCentre M710e - 64 GB - 2 TB SSD je to znát na klidném, stabilním projevu. U Lenovo ThinkCentre M710e - 64 GB - 2 TB SSD to znamená hlavně menší riziko prostojů při běžné kancelářské agendě a jednodušší správu ve firmě.</p><p>ThinkCentre je dělané na praktické nasazení v kanceláři, proto klade důraz na kompaktnost a tichý chod, což oceníte i u konfigurace Lenovo ThinkCentre M710e - 64 GB - 2 TB SSD. V domácí pracovně nabídne Lenovo ThinkCentre M710e - 64 GB - 2 TB SSD klidné pozadí pro soustředění a online schůzky bez zbytečného rozruchu.</p><p>Základem sestavy Lenovo ThinkCentre M710e - 64 GB - 2 TB SSD je <strong>Intel® Core™ i3-6100 Processor (3M Cache, 2×3.70 GHz)</strong> doplněný o <strong>64 GB DDR4</strong> a úložiště <strong>2000 GB SSD M.2 NVMe</strong>. Rychlé úložiště u Lenovo ThinkCentre M710e - 64 GB - 2 TB SSD urychlí práci se soubory a paměť udrží plynulost i při videohovorech, tabulkách a více běžících aplikacích současně.</p><p>Hodí se pro Office, webové aplikace, e-maily, účetnictví, online schůzky, zálohy a dlouhodobé ukládání souborů, větší tabulky, více otevřených oken současně, základní vývoj a testování, lehčí virtualizaci i náročnější virtualizaci a testovací prostředí.</p><p>Nehodí se pro výkonnostně náročné 3D aplikace a moderní hry ani pro profesionální střih, protože Lenovo ThinkCentre M710e - 64 GB - 2 TB SSD necílí na dedikovanou grafiku.</p><p>Lenovo ThinkCentre M710e - 64 GB - 2 TB SSD dodáváme otestované, s Windows 11 Pro a se zárukou <strong>24 měsíců</strong>, takže po připojení můžete rovnou pracovat.</p>;Lenovo;Repasovaný A;Intel® Core™ i3;Intel®;Skylake (6. generace);1;2;64 GB;DDR4;2000 GB;SSD M.2 NVMe;integrovaná;Intel®;;;;;;;;;NE;1 GB Ethernet;NE;;;;;;;DVD-RW;6;2;;4;;;;;;;;1;;;;1;;;;;;ANO;;NE;1;;;NE;NE;;SFF (Small Form Factor);do 300 W;;;;;nad 3 kg;"Prodloužení záruky na 36 měsíců (1-desktop)=300;Prodloužení záruky na 48 měsíců (1-desktop)=600;Prodloužení záruky na 60 měsíců (1-desktop)=900";;Prodloužení záruky;CZK;1;0;;;;;;;"Záměna za NOVÝ SSD 4 TB M.2 NVMe=10750;Záměna za NOVÝ SSD Samsung 990 PRO 4 TB M.2 NVMe=10650";;Záměna pevného disku;CZK;1;0;;;;;;;"Krabice ESET HOME Security Essential, licence na 1 rok=1335;Krabice ESET HOME Security Premium, licence na 1 rok=1025;Krabice ESET HOME Security Ultimate, licence na 1 rok=2475";;Antivirus;CZK;1;0;Počáteční konfigurace systému=199;;Usnadnění;CZK;1;0;Přeinstalovat na Windows 10=199;;Změna operačního systému;CZK;1;0;24 měsíců;4,2;;;;"Model CPU;i3-6100 Processor (3M Cache, 2×3.70 GHz)";"Konfigurace úložiště;2000 GB SSD";"Grafická karta;Intel® HD Graphics 530";"WiFi karta;NE";"Operační systém;Windows 11 Pro";"Rozměry;100 × 303.5 × 273.5 mm";"Výkon zdroje (W);180 W";"Obsah balení;Napájecí kabel";;;;visible;refurbished;;;
LENM710E-1-VR20;;Lenovo ThinkCentre M710e - 64 GB - 4 TB SSD;;<p>Intel® Core™ i3-6100 Processor (3M Cache, 2×3.70 GHz), 64 GB DDR4, 4000 GB SSD M.2 NVMe, Intel® HD Graphics 530, DVD-RW, Windows 11 Pro</p>;<h3><strong>Lenovo ThinkCentre M710e - 64 GB - 4 TB SSD</strong></h3><p>U sestavy Lenovo ThinkCentre M710e - 64 GB - 4 TB SSD je důležitá hlavně jednoduchá každodenní práce a velkou paměťovou rezervu pro náročné pracovní postupy. Přitom Lenovo ThinkCentre M710e - 64 GB - 4 TB SSD nezapomíná ani na rychlé reakce systému a velké lokální úložiště.</p><p>Lenovo je v kancelářích rozšířené mimo jiné proto, že u firemních PC řeší dostupný servis a konzistentní provoz, což se hodí i u sestavy Lenovo ThinkCentre M710e - 64 GB - 4 TB SSD. V prostředí, kde se střídají uživatelé, oceníte u Lenovo ThinkCentre M710e - 64 GB - 4 TB SSD hlavně to, že se chová konzistentně a nevyžaduje složitou údržbu.</p><p>ThinkCentre je řada, která se často volí tam, kde běží e-mail, prohlížeč a kancelářské programy většinu dne, a Lenovo ThinkCentre M710e - 64 GB - 4 TB SSD do tohoto scénáře přesně zapadá. Pokud chcete nenápadný pracovní počítač, Lenovo ThinkCentre M710e - 64 GB - 4 TB SSD je koncipované tak, aby nezabíralo zbytečně prostor a dalo se snadno obsluhovat.</p><p>Ve variantě Lenovo ThinkCentre M710e - 64 GB - 4 TB SSD je použit <strong>Intel® Core™ i3-6100 Processor (3M Cache, 2×3.70 GHz)</strong>, dále <strong>64 GB DDR4</strong> a rychlé NVMe úložiště <strong>4000 GB SSD M.2 NVMe</strong>. Pro běžné použití Lenovo ThinkCentre M710e - 64 GB - 4 TB SSD znamená SSD svižné reakce systému a RAM přehlednější multitasking bez častého zavírání aplikací.</p><p>Hodí se pro Office, webové aplikace, e-maily, účetnictví, online schůzky, rozsáhlé lokální archivy, větší tabulky, více otevřených oken současně, základní vývoj a testování, lehčí virtualizaci i náročnější virtualizaci a testovací prostředí.</p><p>Není určený pro herní použití ani pro náročné grafické projekty a profesionální editaci videa, u Lenovo ThinkCentre M710e - 64 GB - 4 TB SSD jde především o plynulou kancelář a spolehlivost.</p><p>Lenovo ThinkCentre M710e - 64 GB - 4 TB SSD je otestované, má nainstalovaný Windows 11 Pro a záruku <strong>24 měsíců</strong>, takže stačí zapojit a začít používat.</p>;Lenovo;Repasovaný A;Intel® Core™ i3;Intel®;Skylake (6. generace);1;2;64 GB;DDR4;4000 GB;SSD M.2 NVMe;integrovaná;Intel®;;;;;;;;;NE;1 GB Ethernet;NE;;;;;;;DVD-RW;6;2;;4;;;;;;;;1;;;;1;;;;;;ANO;;NE;1;;;NE;NE;;SFF (Small Form Factor);do 300 W;;;;;nad 3 kg;"Prodloužení záruky na 36 měsíců (1-desktop)=300;Prodloužení záruky na 48 měsíců (1-desktop)=600;Prodloužení záruky na 60 měsíců (1-desktop)=900";;Prodloužení záruky;CZK;1;0;;;;;;;;;;;;;;;;;;;"Krabice ESET HOME Security Essential, licence na 1 rok=1335;Krabice ESET HOME Security Premium, licence na 1 rok=1025;Krabice ESET HOME Security Ultimate, licence na 1 rok=2475";;Antivirus;CZK;1;0;Počáteční konfigurace systému=199;;Usnadnění;CZK;1;0;Přeinstalovat na Windows 10=199;;Změna operačního systému;CZK;1;0;24 měsíců;4,2;;;;"Model CPU;i3-6100 Processor (3M Cache, 2×3.70 GHz)";"Konfigurace úložiště;4000 GB SSD";"Grafická karta;Intel® HD Graphics 530";"WiFi karta;NE";"Operační systém;Windows 11 Pro";"Rozměry;100 × 303.5 × 273.5 mm";"Výkon zdroje (W);180 W";"Obsah balení;Napájecí kabel";;;;visible;refurbished;;;
